document_id,source_id,title,author,publication,publication_date,volume,issue,page_start,page_end,place,publisher,source_url,source_identifier,accessed_at,rights_status,document_type,period,era_code,notes
PDHD-D000051,INTERNET-ARCHIVE,El Maestro,,El Maestro. Revista de Cultura Nacional,1921,I,2,,,México,Universidad Nacional de México,https://archive.org/details/n1n3elmaestrorevista01mexi/page/n103,IA:n1n3elmaestrorevista01mexi:I:2,2026-09-03,review_required,issue,1921-1934,E3,Issue number and year verified through Signos Históricos; exact day not asserted
PDHD-D000052,INTERNET-ARCHIVE,El Maestro,,El Maestro. Revista de Cultura Nacional,1921,I,4,,,México,Universidad Nacional de México,https://archive.org/details/elmaestrorevista146mexi/page/n6,IA:elmaestrorevista146mexi:I:4,2026-09-03,review_required,issue,1921-1934,E3,Issue number and year verified through Signos Históricos; exact day not asserted
PDHD-D000053,INTERNET-ARCHIVE,El Maestro,,El Maestro. Revista de Cultura Nacional,1922,II,3,,,México,Secretaría de Educación Pública,https://archive.org/details/n1n3elmaestrorev02mexi/page/1,IA:n1n3elmaestrorev02mexi:II:3,2026-09-03,review_required,issue,1921-1934,E3,Issue identified as tomo II núm. 3 in a scholarly electronic-source list; exact day not asserted
PDHD-D000054,INTERNET-ARCHIVE,El Maestro,,El Maestro. Revista de Cultura Nacional,1922,III,1,,,México,Secretaría de Educación Pública,https://archive.org/details/n1n2elmaestrorevista03mexi/page/n6,IA:n1n2elmaestrorevista03mexi:III:1,2026-09-03,review_required,issue,1921-1934,E3,Issue identified as tomo III núm. 1 in a scholarly electronic-source list; exact day not asserted
PDHD-D000055,INTERNET-ARCHIVE,El Maestro,,El Maestro. Revista de Cultura Nacional,1921-04,I,1,,,México,Universidad Nacional de México,https://archive.org/details/n1n3elmaestrorevista01mexi,IA:n1n3elmaestrorevista01mexi:I:1,2026-09-03,review_required,issue,1921-1934,E3,"Canonical date intentionally month-precision only: Bibliographica cites 1 April 1921 while a later facsimile bibliography reports 19 April 1921; conflict registered separately"
PDHD-D000056,INTERNET-ARCHIVE,El Maestro,,El Maestro. Revista de Cultura Nacional,1921-10,II,1,,,México,Universidad Nacional de México,https://archive.org/details/n1n3elmaestrorev02mexi,IA:n1n3elmaestrorev02mexi:II:1,2026-09-03,review_required,issue,1921-1934,E3,Month verified from citation to Gabriela Mistral in tomo II núm. 1; exact day not asserted
PDHD-D000057,INTERNET-ARCHIVE,El Maestro,,El Maestro. Revista de Cultura Nacional,1921-11,II,2,,,México,Universidad Nacional de México,https://archive.org/details/n1n3elmaestrorev02mexi,IA:n1n3elmaestrorev02mexi:II:2,2026-09-03,review_required,issue,1921-1934,E3,Month verified from bibliographic citation to tomo II núm. 2; exact day not asserted
PDHD-D000058,UNAM-RI,La Escuela moderna,,La Escuela moderna,1889-10-31,,,,,México,Imprenta de las Escalerillas,https://repositorio.unam.mx/contenidos/la-escuela-moderna-924534,UNAM-RI:924534,2026-09-03,review_required,issue,1870-1910,E1,Direct object-level UNAM repository record; useful for pre-1900 pedagogical press balancing
PDHD-D000059,UNAM-RI,La Escuela moderna,,La Escuela moderna,1890-10-31,,,,,México,,https://repositorio.unam.mx/contenidos/la-escuela-moderna-924553,UNAM-RI:924553,2026-09-03,review_required,issue,1870-1910,E1,Direct object-level UNAM repository record
PDHD-D000060,UNAM-RI,La Escuela moderna,,La Escuela moderna,1890-11-30,,,,,México,,https://www.ri.unam.mx/contenidos/ficha/la-escuela-moderna-924558?as=0&c=BLVxQe&d=false&i=2&q=%2A%3A%2A&t=search_0&v=1,UNAM-RI:924558,2026-09-03,review_required,issue,1870-1910,E1,Direct object-level UNAM repository record
PDHD-D000061,UNAM-RI,La Escuela moderna,,La Escuela moderna,1890-12-31,,,,,México,,https://repositorio.unam.mx/contenidos/la-escuela-moderna-924560,UNAM-RI:924560,2026-09-03,review_required,issue,1870-1910,E1,Direct object-level UNAM repository record
PDHD-D000062,UNAM-RI,La Escuela moderna,,La Escuela moderna,1891-09-15,,,,,México,,https://repositorio.unam.mx/contenidos/ficha/la-escuela-moderna-924576?as=0&c=O30qre&d=false&i=3&q=%2A%3A%2A&t=search_0&v=1,UNAM-RI:924576,2026-09-03,review_required,issue,1870-1910,E1,Direct object-level UNAM repository record
PDHD-D000063,UNAM-RI,México intelectual,,México intelectual,1889-01-01,,,,,"Xalapa, Veracruz",Imprenta del Gobierno del Estado,https://repositorio.unam.mx/contenidos/ficha/mexico-intelectual-897145,UNAM-RI:897145,2026-09-03,review_required,hemerographic_object,1870-1910,E1,"Direct UNAM repository object; metadata assigns CC BY-NC-ND 4.0 to the digital resource. Public PDHD stores metadata/link only pending a rights-specific reuse policy. Regional provenance supported by the journal's documented Xalapa publication history"
PDHD-D000064,UNAM-RI,El Instructor,,El Instructor,1889-01-01,,,,,"Aguascalientes, Aguascalientes",Imp. de Trinidad Pedroza,https://repositorio.unam.mx/contenidos/ficha/el-instructor-750865,UNAM-RI:750865,2026-09-03,review_required,hemerographic_object,1870-1910,E1,"Direct UNAM repository object; topic Educación and CC BY-NC-ND 4.0 metadata. Place follows the established serial provenance of El Instructor"
PDHD-D000065,UNAM-RI,El Periquito,,El Periquito,1870-11-06,,,,,"Campeche, Campeche",,https://repositorio.unam.mx/contenidos/ficha/el-periquito-921573,UNAM-RI:921573,2026-09-03,review_required,issue,1870-1910,E1,"Direct UNAM repository object identifies a semanario dated 6 November 1870 in Campeche; CC BY-NC-ND 4.0 applies to the digital resource, so PDHD retains metadata/link only pending a specific reuse decision"
PDHD-D000066,BIBMX-FR,El esfuerzo educativo en México,México. Secretaría de Educación Pública,El esfuerzo educativo en México,1928,,,,,México,Secretaría de Educación Pública,https://bibliotecamexico-fondoreservado.cultura.gob.mx/fondo-reservado/el-esfuerzo-educativo-en-mexico/,BIBMX-FR:33511,2026-09-03,review_required,official_report,1921-1934,E3,"Institutional catalog record for the two-volume analytical-critical report on federal educational organization and policy during 1924-1928, presented to Congress by J. M. Puig Casauranc; added to diversify PDHD beyond periodical press"
PDHD-D000067,HATHITRUST,El papel social del maestro rural,México. Secretaría de Educación Pública,El papel social del maestro rural,1925,,,,,México,Secretaría de Educación Pública,https://catalog.hathitrust.org/Record/101391797,HATHI:101391797,2026-09-03,review_required,teacher_guidance,1921-1934,E3,"Primary institutional pamphlet; HathiTrust catalog records an 8-page 1925 SEP publication on the social role of the rural teacher and provides full view from the University of Texas. This object satisfies the rural-teacher primary-localizer gate without substituting secondary scholarship for a source object"
PDHD-D000068,HATHITRUST,El sistema de escuelas rurales en México,México. Secretaría de Educación Pública,El sistema de escuelas rurales en México,1927,,,,,México,Talleres Gráficos de la Nación,https://catalog.hathitrust.org/Record/001065230,HATHI:001065230,2026-09-03,review_required,institutional_monograph,1921-1934,E3,"Primary SEP monograph; HathiTrust records xxvi + 358 pages with full-view copies and subject Rural schools--Mexico. Strong source for school organization, rural pedagogy and teacher role"
PDHD-D000069,HATHITRUST,Las misiones culturales en 1927: Las escuelas normales rurales,México. Secretaría de Educación Pública,Las misiones culturales en 1927: Las escuelas normales rurales,1928,,,,,México,Secretaría de Educación Pública,https://catalog.hathitrust.org/Record/103012999,HATHI:103012999,2026-09-03,review_required,institutional_monograph,1921-1934,E3,"Primary SEP publication; HathiTrust records xii + 470 pages and full view. Directly documents missions, rural normal schools, teacher improvement and the organization of rural educational work"
PDHD-D000070,HATHITRUST,Proyecto para la organización de las misiones federales de educación,José Gálvez,Proyecto para la organización de las misiones federales de educación,1923,,,,,México,Cámara de Diputados al Congreso de la Unión,https://catalog.hathitrust.org/Record/102280931,HATHI:102280931,2026-09-03,review_required,policy_proposal,1921-1934,E3,"Primary 26-page policy proposal with HathiTrust full view; useful for distinguishing projected institutional design from later reported practice"
PDHD-D000071,GOOGLE-BOOKS,"Las misiones culturales, 1932-1933",México. Secretaría de Educación Pública,"Las misiones culturales, 1932-1933",1933,,,,,México,Talleres Gráficos de la Nación,https://books.google.com/books/about/Las_misiones_culturales_1932_1933.html?id=WzwXAAAAIAAJ,GB:WzwXAAAAIAAJ,2026-09-03,review_required,institutional_monograph,1921-1934,E3,"Primary SEP volume of 357 pages. Google Books exposes title-page/index access and searchable passages on teacher professional improvement, demonstration classes, community organization and mission reports"
PDHD-D000072,GOOGLE-BOOKS,Memoria relativa al estado que guarda el ramo de educación pública,México. Secretaría de Educación Pública,Memoria relativa al estado que guarda el ramo de educación pública,1932,1,,,,México,Secretaría de Educación Pública,https://books.google.com/books/about/Memoria_relativa_al_estado_que_guarda_el.html?id=ypWS82YskN4C,GB:ypWS82YskN4C,2026-09-03,review_required,official_report,1921-1934,E3,"Primary SEP memory/report; table of contents includes Dirección de Misiones Culturales y Escuelas Normales and Departamento de Psicopedagogía e Higiene. Useful for institutional and supervisory practice"
PDHD-D000073,GOOGLE-BOOKS,Memoria relativa al estado que guarda el ramo de educación pública,México. Secretaría de Educación Pública,Memoria relativa al estado que guarda el ramo de educación pública,1934,2,,,,México,Secretaría de Educación Pública,https://books.google.com/books/about/Memoria_relativa_al_estado_que_guarda_el.html?id=_nkQAAAAYAAJ,GB:_nkQAAAAYAAJ,2026-09-03,review_required,official_report,1921-1934,E3,"Primary SEP report with searchable references to rural schools, inspectors, missions, teacher preparation and regional campesino schools"
PDHD-D000074,GOOGLE-BOOKS,Memoria de la Secretaría de Educación Pública,México. Secretaría de Educación Pública,Memoria de la Secretaría de Educación Pública,1937,2,,,,México,Secretaría de Educación Pública,https://books.google.com/books/about/Memoria_de_la_Secretar%C3%ADa_de_Educaci%C3%B3n.html?id=KRV2_jMW8-wC,GB:KRV2_jMW8-wC,2026-09-03,review_required,official_report,1935-1940,E4,"Primary SEP report under Gonzalo Vázquez Vela; searchable metadata includes inspectors, Escuelas Regionales Campesinas, rural administration and cooperative-school documentation"
PDHD-D000075,GOOGLE-BOOKS,Memoria de la Secretaría de Educación Pública,México. Secretaría de Educación Pública,Memoria de la Secretaría de Educación Pública,1938,1-2,,,,México,Secretaría de Educación Pública,https://books.google.com/books/about/Memoria_de_la_Secretar%C3%ADa_de_Educaci%C3%B3n.html?id=X3oQAAAAYAAJ,GB:X3oQAAAAYAAJ,2026-09-03,review_required,official_report,1935-1940,E4,"Primary two-volume SEP memory; contents explicitly include Departamento de Enseñanza Agrícola y Normal Rural, Dirección General de Educación Urbana y Rural en los Estados and Departamento de Supervisión. High-value source for rural teaching and supervision"
