document_id,source_id,title,author,publication,publication_date,volume,issue,page_start,page_end,place,publisher,source_url,source_identifier,accessed_at,rights_status,document_type,period,notes
PDHD-D000001,HNDM,La Enseñanza Objetiva,,La Enseñanza Objetiva,1891-12-12,XIII,49,,,Ciudad de México,,https://hndm.iib.unam.mx/consulta/publicacion/pdf/558a33397d1ed64f16922c93.pdf?palabras=,HNDM:558a33397d1ed64f16922c93,2026-09-03,metadata_only,issue,1870-1940,"Tomo XIII, núm. 49; issue contains a model lesson of explained reading and is selected for later pedagogical-act sampling"
PDHD-D000002,HNDM,El Escolar Mexicano,,El Escolar Mexicano,1888-09-02,Año 1,11,,,México,,https://hndm.iib.unam.mx/consulta/publicacion/pdf/558a32fd7d1ed64f168e3546.pdf?palabras=,HNDM:558a32fd7d1ed64f168e3546,2026-09-03,metadata_only,issue,1870-1940,Issue explicitly addresses children and primary-school teachers; useful for objective teaching and pedagogical culture
PDHD-D000003,UNAM-RI,La Enseñanza primaria,,La Enseñanza primaria,1901-12-01,,,,,México,Tipografía de El Siglo XIX,https://repositorio.unam.mx/contenidos/ficha/la-ensenanza-primaria-746481,UNAM-RI:746481,2026-09-03,review_required,issue,1870-1940,Object-level UNAM repository record; educational-primary theme
PDHD-D000004,UNAM-RI,La Enseñanza primaria,,La Enseñanza primaria,1908-05-01,,,,,México,,https://repositorio.unam.mx/contenidos/ficha/la-ensenanza-primaria-746576,UNAM-RI:746576,2026-09-03,review_required,issue,1870-1940,Object-level UNAM repository record
PDHD-D000005,UNAM-RI,La Enseñanza primaria,,La Enseñanza primaria,1909-07-15,,,,,México,,https://repositorio.unam.mx/contenidos/ficha/la-ensenanza-primaria-746583,UNAM-RI:746583,2026-09-03,review_required,issue,1870-1940,Object-level UNAM repository record
PDHD-D000006,HNDM,Revista de la Instrucción Pública Mexicana,,Revista de la Instrucción Pública Mexicana,1896-03-15,,,,,México,,https://hndm.iib.unam.mx/consulta/publicacion/visualizar/558075bf7d1e63c9fea1a411,HNDM:558075bf7d1e63c9fea1a411:1896-03-15,2026-09-03,metadata_only,issue,1870-1940,Issue date verified in HNDM publication interface; page-level identifier to be resolved before annotation
PDHD-D000007,HNDM,Revista de la Instrucción Pública Mexicana,,Revista de la Instrucción Pública Mexicana,1896-06-15,,,,,México,,https://hndm.iib.unam.mx/consulta/publicacion/visualizar/558075bf7d1e63c9fea1a411?pagina=558a330d7d1ed64f168f553f,HNDM:558a330d7d1ed64f168f553f,2026-09-03,metadata_only,issue,1870-1940,Concrete HNDM issue localizer
PDHD-D000008,HNDM,Revista de la Instrucción Pública Mexicana,,Revista de la Instrucción Pública Mexicana,1897-08-15,,,,,México,,https://hndm.iib.unam.mx/consulta/publicacion/visualizar/558075bf7d1e63c9fea1a411?pagina=558a33117d1ed64f168f9c5f,HNDM:558a33117d1ed64f168f9c5f,2026-09-03,metadata_only,issue,1870-1940,Concrete HNDM issue localizer
PDHD-D000009,HNDM,Revista de la Instrucción Pública Mexicana,,Revista de la Instrucción Pública Mexicana,1898-04-15,,,,,México,,https://hndm.iib.unam.mx/consulta/publicacion/visualizar/558075bf7d1e63c9fea1a411?pagina=558a33137d1ed64f168fbf4a,HNDM:558a33137d1ed64f168fbf4a,2026-09-03,metadata_only,issue,1870-1940,Concrete HNDM issue localizer
PDHD-D000010,HNDM,Revista Mexicana de Educación,,Revista Mexicana de Educación,1920-03-15,,,,,México,,https://www.hndm.unam.mx/consulta/publicacion/visualizar/558075bf7d1e63c9fea1a41c?coleccion=&pagina=558a32ef7d1ed64f168d2f66,HNDM:558a32ef7d1ed64f168d2f66,2026-09-03,metadata_only,issue,1870-1940,Concrete HNDM issue localizer; useful bridge into postrevolutionary pedagogical discourse
PDHD-D000011,BVM-CERVANTES,La Enseñanza Normal,,La Enseñanza Normal,1904-09-15,Año I,1,,,México,Imprenta Universal de Smith,https://www.cervantesvirtual.com/portales/biblioteca_francisco_de_burgoa/partes/1233480/la-ensenanza-normal-publicacion-periodica-de-la-direccion-general-de-la-ensenanza-normal-en-el-distrito-federal-1233480,BVM:1233480:A1-N1:1904-09-15,2026-09-03,review_required,issue,1870-1940,Issue date taken from the Cervantes Virtual parts listing; collection-level record contains a conflicting summary start date and is preserved as a catalog inconsistency
PDHD-D000012,BVM-CERVANTES,La Enseñanza Normal,,La Enseñanza Normal,1904-10-22,Año I,2,,,México,Imprenta Universal de Smith,https://www.cervantesvirtual.com/portales/biblioteca_francisco_de_burgoa/partes/1233480/la-ensenanza-normal-publicacion-periodica-de-la-direccion-general-de-la-ensenanza-normal-en-el-distrito-federal-1233480,BVM:1233480:A1-N2:1904-10-22,2026-09-03,review_required,issue,1870-1940,Concrete issue listed by Cervantes Virtual
PDHD-D000013,BVM-CERVANTES,La Enseñanza Normal,,La Enseñanza Normal,1904-11-08,Año I,3,,,México,Imprenta Universal de Smith,https://www.cervantesvirtual.com/portales/biblioteca_francisco_de_burgoa/partes/1233480/la-ensenanza-normal-publicacion-periodica-de-la-direccion-general-de-la-ensenanza-normal-en-el-distrito-federal-1233480,BVM:1233480:A1-N3:1904-11-08,2026-09-03,review_required,issue,1870-1940,Concrete issue listed by Cervantes Virtual
PDHD-D000014,BVM-CERVANTES,La Enseñanza Normal,,La Enseñanza Normal,1904-11-22,Año I,4,,,México,Imprenta Universal de Smith,https://www.cervantesvirtual.com/portales/biblioteca_francisco_de_burgoa/partes/1233480/la-ensenanza-normal-publicacion-periodica-de-la-direccion-general-de-la-ensenanza-normal-en-el-distrito-federal-1233480,BVM:1233480:A1-N4:1904-11-22,2026-09-03,review_required,issue,1870-1940,Concrete issue listed by Cervantes Virtual
PDHD-D000015,BVM-CERVANTES,La Enseñanza Normal,,La Enseñanza Normal,1905-01-08,Año I,5,,,México,Imprenta Universal de Smith,https://www.cervantesvirtual.com/portales/biblioteca_francisco_de_burgoa/partes/1233480/la-ensenanza-normal-publicacion-periodica-de-la-direccion-general-de-la-ensenanza-normal-en-el-distrito-federal-1233480,BVM:1233480:A1-N5:1905-01-08,2026-09-03,review_required,issue,1870-1940,Concrete issue listed by Cervantes Virtual
PDHD-D000016,BVM-CERVANTES,La Enseñanza Normal,,La Enseñanza Normal,1905-01-22,Año I,6,,,México,Imprenta Universal de Smith,https://www.cervantesvirtual.com/portales/biblioteca_francisco_de_burgoa/partes/1233480/la-ensenanza-normal-publicacion-periodica-de-la-direccion-general-de-la-ensenanza-normal-en-el-distrito-federal-1233480,BVM:1233480:A1-N6:1905-01-22,2026-09-03,review_required,issue,1870-1940,Concrete issue listed by Cervantes Virtual
PDHD-D000017,BVM-CERVANTES,La Enseñanza Normal,,La Enseñanza Normal,1905-03-08,Año I,7,,,México,Imprenta Universal de Smith,https://www.cervantesvirtual.com/portales/biblioteca_francisco_de_burgoa/partes/1233480/la-ensenanza-normal-publicacion-periodica-de-la-direccion-general-de-la-ensenanza-normal-en-el-distrito-federal-1233480,BVM:1233480:A1-N7:1905-03-08,2026-09-03,review_required,issue,1870-1940,Concrete issue listed by Cervantes Virtual
PDHD-D000018,BVM-CERVANTES,La Enseñanza Normal,,La Enseñanza Normal,1905-04-08,Año I,8,,,México,Imprenta Universal de Smith,https://www.cervantesvirtual.com/portales/biblioteca_francisco_de_burgoa/partes/1233480/la-ensenanza-normal-publicacion-periodica-de-la-direccion-general-de-la-ensenanza-normal-en-el-distrito-federal-1233480,BVM:1233480:A1-N8:1905-04-08,2026-09-03,review_required,issue,1870-1940,Concrete issue listed by Cervantes Virtual
PDHD-D000019,BVM-CERVANTES,La Enseñanza Normal,,La Enseñanza Normal,1905-05-08,Año I,9,,,México,Imprenta Universal de Smith,https://www.cervantesvirtual.com/portales/biblioteca_francisco_de_burgoa/partes/1233480/la-ensenanza-normal-publicacion-periodica-de-la-direccion-general-de-la-ensenanza-normal-en-el-distrito-federal-1233480,BVM:1233480:A1-N9:1905-05-08,2026-09-03,review_required,issue,1870-1940,Concrete issue listed by Cervantes Virtual
PDHD-D000020,BVM-CERVANTES,La Enseñanza Normal,,La Enseñanza Normal,1905-06-08,Año I,10,,,México,Imprenta Universal de Smith,https://www.cervantesvirtual.com/portales/biblioteca_francisco_de_burgoa/partes/1233480/la-ensenanza-normal-publicacion-periodica-de-la-direccion-general-de-la-ensenanza-normal-en-el-distrito-federal-1233480,BVM:1233480:A1-N10:1905-06-08,2026-09-03,review_required,issue,1870-1940,Concrete issue listed by Cervantes Virtual
PDHD-D000021,BVM-CERVANTES,La Enseñanza Normal,,La Enseñanza Normal,1905-06-22,Año I,11,,,México,Imprenta Universal de Smith,https://www.cervantesvirtual.com/portales/biblioteca_francisco_de_burgoa/partes/1233480/la-ensenanza-normal-publicacion-periodica-de-la-direccion-general-de-la-ensenanza-normal-en-el-distrito-federal-1233480/1,BVM:1233480:A1-N11:1905-06-22,2026-09-03,review_required,issue,1870-1940,Concrete issue listed by Cervantes Virtual
PDHD-D000022,BVM-CERVANTES,La Enseñanza Normal,,La Enseñanza Normal,1905-08-09,Año I,12,,,México,Imprenta Universal de Smith,https://www.cervantesvirtual.com/portales/biblioteca_francisco_de_burgoa/partes/1233480/la-ensenanza-normal-publicacion-periodica-de-la-direccion-general-de-la-ensenanza-normal-en-el-distrito-federal-1233480/1,BVM:1233480:A1-N12:1905-08-09,2026-09-03,review_required,issue,1870-1940,Concrete issue listed by Cervantes Virtual
PDHD-D000023,BVM-CERVANTES,La Enseñanza Normal,,La Enseñanza Normal,1905-08-22,Año I,13,,,México,Imprenta Universal de Smith,https://www.cervantesvirtual.com/portales/biblioteca_francisco_de_burgoa/partes/1233480/la-ensenanza-normal-publicacion-periodica-de-la-direccion-general-de-la-ensenanza-normal-en-el-distrito-federal-1233480/1,BVM:1233480:A1-N13:1905-08-22,2026-09-03,review_required,issue,1870-1940,Concrete issue listed by Cervantes Virtual
PDHD-D000024,BVM-CERVANTES,La Enseñanza Normal,,La Enseñanza Normal,1905-09-08,Año I,14,,,México,Imprenta Universal de Smith,https://www.cervantesvirtual.com/portales/biblioteca_francisco_de_burgoa/partes/1233480/la-ensenanza-normal-publicacion-periodica-de-la-direccion-general-de-la-ensenanza-normal-en-el-distrito-federal-1233480/1,BVM:1233480:A1-N14:1905-09-08,2026-09-03,review_required,issue,1870-1940,Concrete issue listed by Cervantes Virtual
PDHD-D000025,BVM-CERVANTES,La Enseñanza Normal,,La Enseñanza Normal,1905-09-22,Año I,15,,,México,Imprenta Universal de Smith,https://www.cervantesvirtual.com/portales/biblioteca_francisco_de_burgoa/partes/1233480/la-ensenanza-normal-publicacion-periodica-de-la-direccion-general-de-la-ensenanza-normal-en-el-distrito-federal-1233480/1,BVM:1233480:A1-N15:1905-09-22,2026-09-03,review_required,issue,1870-1940,Concrete issue listed by Cervantes Virtual
PDHD-D000026,BVM-CERVANTES,La Enseñanza Normal,,La Enseñanza Normal,1905-10-08,Año I,16,,,México,Imprenta Universal de Smith,https://www.cervantesvirtual.com/portales/biblioteca_francisco_de_burgoa/partes/1233480/la-ensenanza-normal-publicacion-periodica-de-la-direccion-general-de-la-ensenanza-normal-en-el-distrito-federal-1233480/1,BVM:1233480:A1-N16:1905-10-08,2026-09-03,review_required,issue,1870-1940,Concrete issue listed by Cervantes Virtual
PDHD-D000027,BVM-CERVANTES,La Enseñanza Normal,,La Enseñanza Normal,1905-11-08,Año I,17,,,México,Imprenta Universal de Smith,https://www.cervantesvirtual.com/portales/biblioteca_francisco_de_burgoa/partes/1233480/la-ensenanza-normal-publicacion-periodica-de-la-direccion-general-de-la-ensenanza-normal-en-el-distrito-federal-1233480/1,BVM:1233480:A1-N17:1905-11-08,2026-09-03,review_required,issue,1870-1940,Concrete issue listed by Cervantes Virtual
PDHD-D000028,BVM-CERVANTES,La Enseñanza Normal,,La Enseñanza Normal,1906-01-08,Año II,1,,,México,Imprenta Universal de Smith,https://www.cervantesvirtual.com/portales/biblioteca_francisco_de_burgoa/partes/1233480/la-ensenanza-normal-publicacion-periodica-de-la-direccion-general-de-la-ensenanza-normal-en-el-distrito-federal-1233480/1,BVM:1233480:A2-N1:1906-01-08,2026-09-03,review_required,issue,1870-1940,Concrete issue listed by Cervantes Virtual
PDHD-D000029,BVM-CERVANTES,La Enseñanza Normal,,La Enseñanza Normal,1906-01-22,Año II,2,,,México,Imprenta Universal de Smith,https://www.cervantesvirtual.com/portales/biblioteca_francisco_de_burgoa/partes/1233480/la-ensenanza-normal-publicacion-periodica-de-la-direccion-general-de-la-ensenanza-normal-en-el-distrito-federal-1233480/1,BVM:1233480:A2-N2:1906-01-22,2026-09-03,review_required,issue,1870-1940,Concrete issue listed by Cervantes Virtual
PDHD-D000030,BVM-CERVANTES,La Enseñanza Normal,,La Enseñanza Normal,1906-03-22,Año II,3,,,México,Imprenta Universal de Smith,https://www.cervantesvirtual.com/portales/biblioteca_francisco_de_burgoa/partes/1233480/la-ensenanza-normal-publicacion-periodica-de-la-direccion-general-de-la-ensenanza-normal-en-el-distrito-federal-1233480/1,BVM:1233480:A2-N3:1906-03-22,2026-09-03,review_required,issue,1870-1940,Concrete issue listed by Cervantes Virtual
PDHD-D000031,BVM-CERVANTES,La Enseñanza Moderna,,La Enseñanza Moderna,1907-07-01,"Tomo I, segunda época",1,,,"México, D.F.",A. Carranza y comp.,https://www.cervantesvirtual.com/portales/biblioteca_valenciana_nicolau_primitiu_cat/partes/1256303/la-ensenanza-moderna-revista-pedagogica-1256303,BVM:1256303:T1-2E-N1:1907-07-01,2026-09-03,review_required,issue,1870-1940,Concrete issue listed by Cervantes Virtual
PDHD-D000032,BVM-CERVANTES,La Enseñanza Moderna,,La Enseñanza Moderna,1907-07-08,"Tomo I, segunda época",2,,,"México, D.F.",A. Carranza y comp.,https://www.cervantesvirtual.com/portales/biblioteca_valenciana_nicolau_primitiu_cat/partes/1256303/la-ensenanza-moderna-revista-pedagogica-1256303,BVM:1256303:T1-2E-N2:1907-07-08,2026-09-03,review_required,issue,1870-1940,Concrete issue listed by Cervantes Virtual
PDHD-D000033,BVM-CERVANTES,La Enseñanza Moderna,,La Enseñanza Moderna,1907-07-16,"Tomo I, segunda época",3,,,"México, D.F.",A. Carranza y comp.,https://www.cervantesvirtual.com/portales/biblioteca_valenciana_nicolau_primitiu_cat/partes/1256303/la-ensenanza-moderna-revista-pedagogica-1256303,BVM:1256303:T1-2E-N3:1907-07-16,2026-09-03,review_required,issue,1870-1940,Concrete issue listed by Cervantes Virtual
PDHD-D000034,BVM-CERVANTES,La Enseñanza Moderna,,La Enseñanza Moderna,1907-07-24,"Tomo I, segunda época",4,,,"México, D.F.",A. Carranza y comp.,https://www.cervantesvirtual.com/portales/biblioteca_valenciana_nicolau_primitiu_cat/partes/1256303/la-ensenanza-moderna-revista-pedagogica-1256303,BVM:1256303:T1-2E-N4:1907-07-24,2026-09-03,review_required,issue,1870-1940,Concrete issue listed by Cervantes Virtual
PDHD-D000035,BVM-CERVANTES,La Enseñanza Moderna,,La Enseñanza Moderna,1907-08-01,"Tomo I, segunda época",5,,,"México, D.F.",A. Carranza y comp.,https://www.cervantesvirtual.com/portales/biblioteca_valenciana_nicolau_primitiu_cat/partes/1256303/la-ensenanza-moderna-revista-pedagogica-1256303,BVM:1256303:T1-2E-N5:1907-08-01,2026-09-03,review_required,issue,1870-1940,Concrete issue listed by Cervantes Virtual
PDHD-D000036,BVM-CERVANTES,La Enseñanza Moderna,,La Enseñanza Moderna,1907-08-08,"Tomo I, segunda época",6,,,"México, D.F.",A. Carranza y comp.,https://www.cervantesvirtual.com/portales/biblioteca_valenciana_nicolau_primitiu_cat/partes/1256303/la-ensenanza-moderna-revista-pedagogica-1256303,BVM:1256303:T1-2E-N6:1907-08-08,2026-09-03,review_required,issue,1870-1940,Concrete issue listed by Cervantes Virtual
PDHD-D000037,BVM-CERVANTES,La Enseñanza Moderna,,La Enseñanza Moderna,1907-08-16,"Tomo I, segunda época",7,,,"México, D.F.",A. Carranza y comp.,https://www.cervantesvirtual.com/portales/biblioteca_valenciana_nicolau_primitiu_cat/partes/1256303/la-ensenanza-moderna-revista-pedagogica-1256303,BVM:1256303:T1-2E-N7:1907-08-16,2026-09-03,review_required,issue,1870-1940,Concrete issue listed by Cervantes Virtual
PDHD-D000038,BVM-CERVANTES,La Enseñanza Moderna,,La Enseñanza Moderna,1907-08-24,"Tomo I, segunda época",8,,,"México, D.F.",A. Carranza y comp.,https://www.cervantesvirtual.com/portales/biblioteca_valenciana_nicolau_primitiu_cat/partes/1256303/la-ensenanza-moderna-revista-pedagogica-1256303,BVM:1256303:T1-2E-N8:1907-08-24,2026-09-03,review_required,issue,1870-1940,Concrete issue listed by Cervantes Virtual
PDHD-D000039,BVM-CERVANTES,La Enseñanza Moderna,,La Enseñanza Moderna,1907-09-01,"Tomo I, segunda época",9,,,"México, D.F.",A. Carranza y comp.,https://www.cervantesvirtual.com/portales/biblioteca_valenciana_nicolau_primitiu_cat/partes/1256303/la-ensenanza-moderna-revista-pedagogica-1256303,BVM:1256303:T1-2E-N9:1907-09-01,2026-09-03,review_required,issue,1870-1940,Concrete issue listed by Cervantes Virtual
PDHD-D000040,BVM-CERVANTES,La Enseñanza Moderna,,La Enseñanza Moderna,1907-09-08,"Tomo I, segunda época",10,,,"México, D.F.",A. Carranza y comp.,https://www.cervantesvirtual.com/portales/biblioteca_valenciana_nicolau_primitiu_cat/partes/1256303/la-ensenanza-moderna-revista-pedagogica-1256303,BVM:1256303:T1-2E-N10:1907-09-08,2026-09-03,review_required,issue,1870-1940,Concrete issue listed by Cervantes Virtual
PDHD-D000041,BVM-CERVANTES,La Enseñanza Moderna,,La Enseñanza Moderna,1907-09-16,"Tomo I, segunda época",11,,,"México, D.F.",A. Carranza y comp.,https://www.cervantesvirtual.com/portales/biblioteca_valenciana_nicolau_primitiu_cat/partes/1256303/la-ensenanza-moderna-revista-pedagogica-1256303/1,BVM:1256303:T1-2E-N11:1907-09-16,2026-09-03,review_required,issue,1870-1940,Concrete issue listed by Cervantes Virtual
PDHD-D000042,BVM-CERVANTES,La Enseñanza Moderna,,La Enseñanza Moderna,1907-09-24,"Tomo I, segunda época",12,,,"México, D.F.",A. Carranza y comp.,https://www.cervantesvirtual.com/portales/biblioteca_valenciana_nicolau_primitiu_cat/partes/1256303/la-ensenanza-moderna-revista-pedagogica-1256303/1,BVM:1256303:T1-2E-N12:1907-09-24,2026-09-03,review_required,issue,1870-1940,Concrete issue listed by Cervantes Virtual
PDHD-D000043,BVM-CERVANTES,La Enseñanza Moderna,,La Enseñanza Moderna,1907-10-01,"Tomo I, segunda época",13,,,"México, D.F.",A. Carranza y comp.,https://www.cervantesvirtual.com/portales/biblioteca_valenciana_nicolau_primitiu_cat/partes/1256303/la-ensenanza-moderna-revista-pedagogica-1256303/1,BVM:1256303:T1-2E-N13:1907-10-01,2026-09-03,review_required,issue,1870-1940,Concrete issue listed by Cervantes Virtual
PDHD-D000044,BVM-CERVANTES,La Enseñanza Moderna,,La Enseñanza Moderna,1907-10-08,"Tomo I, segunda época",14,,,"México, D.F.",A. Carranza y comp.,https://www.cervantesvirtual.com/portales/biblioteca_valenciana_nicolau_primitiu_cat/partes/1256303/la-ensenanza-moderna-revista-pedagogica-1256303/1,BVM:1256303:T1-2E-N14:1907-10-08,2026-09-03,review_required,issue,1870-1940,Concrete issue listed by Cervantes Virtual
PDHD-D000045,BVM-CERVANTES,La Enseñanza Moderna,,La Enseñanza Moderna,1907-10-16,"Tomo I, segunda época",15,,,"México, D.F.",A. Carranza y comp.,https://www.cervantesvirtual.com/portales/biblioteca_valenciana_nicolau_primitiu_cat/partes/1256303/la-ensenanza-moderna-revista-pedagogica-1256303/1,BVM:1256303:T1-2E-N15:1907-10-16,2026-09-03,review_required,issue,1870-1940,Concrete issue listed by Cervantes Virtual
PDHD-D000046,BVM-CERVANTES,La Enseñanza Moderna,,La Enseñanza Moderna,1907-10-24,"Tomo I, segunda época",16,,,"México, D.F.",A. Carranza y comp.,https://www.cervantesvirtual.com/portales/biblioteca_valenciana_nicolau_primitiu_cat/partes/1256303/la-ensenanza-moderna-revista-pedagogica-1256303/1,BVM:1256303:T1-2E-N16:1907-10-24,2026-09-03,review_required,issue,1870-1940,Concrete issue listed by Cervantes Virtual
PDHD-D000047,BVM-CERVANTES,La Enseñanza Moderna,,La Enseñanza Moderna,1907-11-01,"Tomo I, segunda época",17,,,"México, D.F.",A. Carranza y comp.,https://www.cervantesvirtual.com/portales/biblioteca_valenciana_nicolau_primitiu_cat/partes/1256303/la-ensenanza-moderna-revista-pedagogica-1256303/1,BVM:1256303:T1-2E-N17:1907-11-01,2026-09-03,review_required,issue,1870-1940,Concrete issue listed by Cervantes Virtual
PDHD-D000048,BVM-CERVANTES,La Enseñanza Moderna,,La Enseñanza Moderna,1907-11-08,"Tomo I, segunda época",18,,,"México, D.F.",A. Carranza y comp.,https://www.cervantesvirtual.com/portales/biblioteca_valenciana_nicolau_primitiu_cat/partes/1256303/la-ensenanza-moderna-revista-pedagogica-1256303/1,BVM:1256303:T1-2E-N18:1907-11-08,2026-09-03,review_required,issue,1870-1940,Concrete issue listed by Cervantes Virtual
PDHD-D000049,BVM-CERVANTES,La Enseñanza Moderna,,La Enseñanza Moderna,1907-11-16,"Tomo I, segunda época",19,,,"México, D.F.",A. Carranza y comp.,https://www.cervantesvirtual.com/portales/biblioteca_valenciana_nicolau_primitiu_cat/partes/1256303/la-ensenanza-moderna-revista-pedagogica-1256303/1,BVM:1256303:T1-2E-N19:1907-11-16,2026-09-03,review_required,issue,1870-1940,Concrete issue listed by Cervantes Virtual
PDHD-D000050,BVM-CERVANTES,La Enseñanza Moderna,,La Enseñanza Moderna,1907-11-24,"Tomo I, segunda época",20,,,"México, D.F.",A. Carranza y comp.,https://www.cervantesvirtual.com/portales/biblioteca_valenciana_nicolau_primitiu_cat/partes/1256303/la-ensenanza-moderna-revista-pedagogica-1256303/1,BVM:1256303:T1-2E-N20:1907-11-24,2026-09-03,review_required,issue,1870-1940,Concrete issue listed by Cervantes Virtual
