fragment_id,document_id,slot,page,source_locator,locator_evidence_url,boundary_status,public_text_status,freeze_status,preparation_note,checked_at
PDHD-F000013,PDHD-D000002,A,1,p1-col3-pestalozzi-first-school-paragraph,https://hndm.iib.unam.mx/consulta/publicacion/pdf/558a32fd7d1ed64f168e3546.pdf?palabras=,fixed,metadata_only,frozen,"Right-column paragraph describing the founding purpose and instructional work of Pestalozzi's first school; boundary fixed from the paragraph opening after the preceding biographical continuation through the sentence immediately before the next paragraph transition. Verified visually against the HNDM page image; no source text is stored publicly",2026-09-04
PDHD-F000014,PDHD-D000002,B,1,p1-col1-editorial-roster,https://hndm.iib.unam.mx/consulta/publicacion/pdf/558a32fd7d1ed64f168e3546.pdf?palabras=,fixed,metadata_only,frozen,"Left-column professional roster bounded from the REDACTORES heading through the final collaborator name immediately before the Enrique Pestalozzi article heading. Verified visually against the HNDM page image; no source text is stored publicly",2026-09-04
PDHD-F000015,PDHD-D000002,C,1,p1-col2-objective-method-context,https://hndm.iib.unam.mx/consulta/publicacion/pdf/558a32fd7d1ed64f168e3546.pdf?palabras=,fixed,metadata_only,frozen,"Central-column continuation discussing the spread and pedagogical lineage of the new teaching method; boundary fixed from the first complete continuation sentence in column two through the sentence immediately before the biographical paragraph on Pestalozzi's birth. Verified visually against the HNDM page image",2026-09-04
PDHD-F000016,PDHD-D000002,D,1,p1-masthead-subscription-publication-block,https://hndm.iib.unam.mx/consulta/publicacion/pdf/558a32fd7d1ed64f168e3546.pdf?palabras=,fixed,metadata_only,frozen,"Masthead control span bounded by the subscription-price and publication-administration blocks below the issue date and above the editorial roster. It is intentionally non-analytical administrative matter and was verified visually against the HNDM page image",2026-09-04
PDHD-F000057,PDHD-D000066,A,125,p125-cursos-rapidos-practicas-ensenanza,https://books.google.com/books?id=O2oLAQAAIAAJ&pg=PA125,fixed,metadata_only,frozen,"Direct Google Books primary-PDF inspection maps printed p. 125 to physical PDF page 211. The fixed span is subsection 3º on Cursos Rápidos de Orientación Vocacional through the paragraph prescribing supervised initiation into teaching practice; it stops before the implementation-status paragraph. No historical text or source image is committed.",2026-09-06
PDHD-F000058,PDHD-D000066,B,18,p18-inspector-visit-supervision-record,https://books.google.com/books?id=O2oLAQAAIAAJ&pg=PA18,fixed,metadata_only,frozen,"Direct Google Books primary-PDF inspection maps printed p. 18 to physical PDF page 104. The fixed span is the inspector-visit result sentence block documenting supervisory classes, talks, assemblies, locally acquired material and improvements; it excludes adjacent attendance statistics. No historical text or source image is committed.",2026-09-06
PDHD-F000059,PDHD-D000066,C,104,p104-indigenous-school-statistical-table,https://books.google.com/books?id=O2oLAQAAIAAJ&pg=PA104,fixed,metadata_only,frozen,"Direct Google Books primary-PDF inspection maps printed p. 104 to physical PDF page 190. The fixed source-critical span is complete Tabla núm. 5, including its descriptive heading, state rows, totals and departmental signature, while excluding blank margins and digitization watermark. No table transcription or source image is committed.",2026-09-06
PDHD-F000060,PDHD-D000066,D,PR5,pr5-title-page-bibliographic-control,https://books.google.com/books?cad=1&id=O2oLAQAAIAAJ&pg=PR5&source=gbs_selected_pages,fixed,metadata_only,frozen,"Direct primary verification used the Google Books PR5 selected-page HTML to resolve the current public PDF, then rendered the first twelve PDF pages. The HTML maps PR5 to book order 6 and the rendered sequence places that leaf at PDF image 009. Visual inspection fixes the title-page bibliographic core from the main title through the Tomo I and Publicaciones de la Secretaría de Educación Pública lines, excluding library annotations and the Google digitization watermark. This deliberately non-analytical control region contains bibliographic and institutional front matter rather than a discrete teaching act; no source image or historical transcription is committed.",2026-09-05
PDHD-F000061,PDHD-D000067,A,5,p5-hygiene-home-routines,https://libros.uaa.mx/uaa/catalog/download/340/312/2969?inline=1,secondary_page_pointer_primary_check_pending,metadata_locator_only,locator_candidate,"Recent UAA historical scholarship cites page 5 of El papel social del maestro rural for the teacher's promotion of personal and household hygiene routines; this is a strong explicit-action candidate but must be checked against the primary 1925/1926 SEP pamphlet before freezing",2026-09-04
PDHD-F000062,PDHD-D000067,B,5,p5-social-role-community-improvement,https://libros.uaa.mx/uaa/catalog/download/340/312/2969?inline=1,secondary_page_pointer_primary_check_pending,metadata_locator_only,locator_candidate,"The same scholarly reconstruction points to page 5 while describing the rural teacher's social function in reshaping household and community practices; candidate professional/social-role fragment pending primary-page inspection",2026-09-04
PDHD-F000063,PDHD-D000067,C,5,p5-vocational-useful-subject-formation,https://libros.uaa.mx/uaa/catalog/download/340/312/2969?inline=1,secondary_page_pointer_primary_check_pending,metadata_locator_only,locator_candidate,"UAA scholarship attributes to page 5 the prescription that pupils should acquire a trade in order to become socially useful subjects; retained as a historically salient candidate linking schooling, work and citizenship, pending primary verification",2026-09-04
PDHD-F000065,PDHD-D000068,A,256,p256-teacher-work-and-technique,https://inventio.uaem.mx/index.php/inventio/article/download/516/664/2010,secondary_page_pointer_primary_check_pending,metadata_locator_only,locator_candidate,"Scholarly reconstruction cites page 256 of El sistema de escuelas rurales en México while discussing how the normal-school director oriented teachers, reviewed programs, recommended readings and visited classes; verify the exact primary passage before freezing",2026-09-04
PDHD-F000066,PDHD-D000068,B,72,p72-rural-teacher-recruitment,https://tesiunamdocumentos.dgb.unam.mx/pmig2016/0216013/0216013.pdf,secondary_page_pointer_primary_check_pending,metadata_locator_only,locator_candidate,"UNAM thesis cites page 72 for a passage characterizing the recruitment and limited preparation of rural teachers; strong professional-identity candidate pending direct inspection of the primary Google Play/HathiTrust object",2026-09-04
PDHD-F000067,PDHD-D000068,C,255-256,p255-256-cuernavaca-normal-organization,https://inventio.uaem.mx/index.php/inventio/article/download/516/664/2010,secondary_page_pointer_primary_check_pending,metadata_locator_only,locator_candidate,"UAEM-hosted historical study explicitly derives its Cuernavaca Normal Rural tables and narrative from pages 255-256; reserve as a source-critical candidate on staffing, curriculum and institutional organization until primary-page verification",2026-09-04
PDHD-F000068,PDHD-D000068,D,255,p255-student-origin-table,https://inventio.uaem.mx/index.php/inventio/article/download/516/664/2010,secondary_page_pointer_primary_check_pending,metadata_locator_only,locator_candidate,"The same study attributes a student-origin roster to page 255; retained as a control candidate because a demographic/roster span may contain little or no discrete pedagogical act",2026-09-04
PDHD-F000069,PDHD-D000069,A,51,p51-section-V,https://catalog.hathitrust.org/Record/103012999,section_resolved_fragment_pending,coder_local_text,locator_candidate,"Section begins with the documented treatment of instructive educational and disciplinary effects among rural teachers; exact fragment boundaries still require source-page consultation",2026-09-03
PDHD-F000070,PDHD-D000069,B,209,p209-section-rural-teacher-character,https://catalog.hathitrust.org/Record/103012999,section_resolved_fragment_pending,coder_local_text,locator_candidate,"Section on the characteristics and virtues of the rural teacher provides a strong professional-identity locator; exact span remains to be frozen",2026-09-03
PDHD-F000071,PDHD-D000069,C,21,p21-section-III,https://catalog.hathitrust.org/Record/103012999,section_resolved_fragment_pending,coder_local_text,locator_candidate,"Historical section on the origins tendencies successes and failures of cultural missions is reserved as the source-criticism slot; exact span remains pending",2026-09-03
PDHD-F000072,PDHD-D000069,D,371,p371-budget-section,https://catalog.hathitrust.org/Record/103012999,section_resolved_fragment_pending,coder_local_text,locator_candidate,"Budget/comparative administrative section is a candidate control passage because it can lack a direct pedagogical act; exact span remains pending",2026-09-03
PDHD-F000073,PDHD-D000070,A,24,p24-facsimile-program-educational-actions,https://tesiunamdocumentos.dgb.unam.mx/pmig2018/0012586/0012586.pdf,embedded_facsimile_primary_check_pending,metadata_locator_only,locator_candidate,"A facsimile reproduction of the 1923 project shows original printed page 24 with concrete mission actions in agriculture, workshops, school visits, museum work and reading; visible historical page supports targeted retrieval but must be cross-checked against the primary HathiTrust object before freezing",2026-09-04
PDHD-F000074,PDHD-D000070,B,25,p25-facsimile-maestro-misionero,https://tesiunamdocumentos.dgb.unam.mx/pmig2018/0012586/0012586.pdf,embedded_facsimile_primary_check_pending,metadata_locator_only,locator_candidate,"The reproduced original page 25 contains the section EL MAESTRO MISIONERO and an explicit normative representation of the missionary teacher; high-value professional-identity locator pending primary-object confirmation",2026-09-04
PDHD-F000075,PDHD-D000070,C,23,p23-facsimile-program-action-diagnostic,https://tesiunamdocumentos.dgb.unam.mx/pmig2018/0012586/0012586.pdf,embedded_facsimile_primary_check_pending,metadata_locator_only,locator_candidate,"The reproduced original page 23 begins Programa de acción de los misioneros and prescribes geographical, population, hygiene and school diagnosis; reserved as a historically salient source-criticism passage pending primary-object confirmation",2026-09-04
PDHD-F000076,PDHD-D000070,D,22,p22-facsimile-mission-staff-roster,https://tesiunamdocumentos.dgb.unam.mx/pmig2018/0012586/0012586.pdf,embedded_facsimile_primary_check_pending,metadata_locator_only,locator_candidate,"The reproduced original page 22 lists mission personnel and functions; candidate control span because a roster may encode institutional organization without a discrete classroom teaching act",2026-09-04
PDHD-F000077,PDHD-D000071,A,22,p22-popular-passage-professional-preparation,https://books.google.com/books/about/Las_misiones_culturales_1932_1933.html?id=WzwXAAAAIAAJ,snippet_resolved_manual_boundary_pending,short_excerpt_only,locator_resolved_text_package_pending,"Google Books exposes a page-22 passage on improving teachers' professional preparation through organized education and teaching-technique work and demonstration classes",2026-09-03
PDHD-F000078,PDHD-D000071,B,23,p23-popular-passage-community-work,https://books.google.com/books/about/Las_misiones_culturales_1932_1933.html?id=WzwXAAAAIAAJ,snippet_resolved_manual_boundary_pending,short_excerpt_only,locator_resolved_text_package_pending,"Google Books exposes a page-23 passage concerning preparation of teachers for community work and social organization; exact coder span must be frozen without publishing the full hosted snippet",2026-09-03
PDHD-F000079,PDHD-D000071,C,32,p32-popular-passage-educational-scope,https://books.google.com/books/about/Las_misiones_culturales_1932_1933.html?id=WzwXAAAAIAAJ,snippet_resolved_manual_boundary_pending,short_excerpt_only,locator_resolved_text_package_pending,"Google Books exposes a page-32 passage critically delimiting what educational action can accomplish relative to rural economic conditions; selected for source-criticism review",2026-09-03
PDHD-F000080,PDHD-D000071,D,8,p8-popular-passage-programmatic-framing,https://books.google.com/books/about/Las_misiones_culturales_1932_1933.html?id=WzwXAAAAIAAJ,snippet_resolved_manual_boundary_pending,short_excerpt_only,locator_resolved_text_package_pending,"Google Books exposes a broad programmatic page-8 statement about economic and educational development; retained as a control candidate because it need not encode a discrete teaching act",2026-09-03
PDHD-F000081,PDHD-D000072,A,111,p111-direccion-misiones-culturales-escuelas-normales,https://books.google.com/books/about/Memoria_relativa_al_estado_que_guarda_el.html?id=ypWS82YskN4C,section_resolved_fragment_pending,short_excerpt_only,locator_candidate,"Google Books contents place the Dirección de Misiones Culturales y Escuelas Normales at page 111; resolve an explicit instructional or teacher-improvement passage within this section before freezing",2026-09-04
PDHD-F000082,PDHD-D000072,B,307,p307-departamento-psicopedagogia-higiene,https://books.google.com/books/about/Memoria_relativa_al_estado_que_guarda_el.html?id=ypWS82YskN4C,section_resolved_fragment_pending,short_excerpt_only,locator_candidate,"Google Books contents place the Departamento de Psicopedagogía e Higiene at page 307; candidate for institutional authority/evaluation or professional-organization coding after exact span selection",2026-09-04
PDHD-F000084,PDHD-D000072,D,465,p465-oficina-consultiva-revalidacion,https://books.google.com/books/about/Memoria_relativa_al_estado_que_guarda_el.html?id=ypWS82YskN4C,section_resolved_fragment_pending,short_excerpt_only,locator_candidate,"Google Books contents place the Oficina Consultiva y de Revalidación de Estudios at page 465; retained as a control candidate because the section may contain administrative material without a discrete teaching act",2026-09-04
PDHD-F000085,PDHD-D000073,A,29,p29-federal-rural-school-administration,https://repositorio.colmex.mx/downloads/jw827c47t?locale=es,secondary_page_pointer_primary_check_pending,metadata_locator_only,locator_candidate,"Peer-reviewed historical research cites volume II page 29 of the 1934 SEP memory in discussing federal rural-school administration; page pointer must be verified against the primary Google Books object before any span is frozen",2026-09-04
PDHD-F000086,PDHD-D000073,B,53,p53-inspector-school-expansion,https://librosoa.unam.mx/bitstream/handle/123456789/407/PDF_La%20revoluci%C3%B3n%20ambivalente.pdf?isAllowed=y&sequence=2,secondary_page_pointer_primary_check_pending,metadata_locator_only,locator_candidate,"UNAM-hosted scholarship cites volume II page 53 of the 1934 memory for inspector-driven expansion of federal schools; candidate supervision locator pending direct primary-page verification",2026-09-04
PDHD-F000087,PDHD-D000073,C,58,p58-inspector-school-expansion,https://librosoa.unam.mx/bitstream/handle/123456789/407/PDF_La%20revoluci%C3%B3n%20ambivalente.pdf?isAllowed=y&sequence=2,secondary_page_pointer_primary_check_pending,metadata_locator_only,locator_candidate,"UNAM-hosted scholarship cites volume II page 58 in the same rural-school expansion context; reserved as a historically salient candidate until checked in the primary object",2026-09-04
PDHD-F000088,PDHD-D000073,D,XVI,pXVI-exposition-federalization,https://repositorio.colmex.mx/downloads/jw827c47t?locale=es,secondary_page_pointer_primary_check_pending,metadata_locator_only,locator_candidate,"Peer-reviewed historical research cites volume II preliminary page XVI of the 1934 memory together with page 29; possible administrative control passage, but primary-page inspection is required before analytical use",2026-09-04
PDHD-F000093,PDHD-D000075,A,5,p5-departamento-ensenanza-agricola-normal-rural,https://books.google.com/books/about/Memoria_de_la_Secretar%C3%ADa_de_Educaci%C3%B3n.html?id=X3oQAAAAYAAJ,section_resolved_fragment_pending,short_excerpt_only,locator_candidate,"Google Books contents identify the Departamento de Enseñanza Agrícola y Normal Rural beginning on page 5; use this section to resolve a concrete instructional or teacher-preparation passage before freezing",2026-09-04
PDHD-F000094,PDHD-D000075,B,335,p335-departamento-supervision,https://books.google.com/books/about/Memoria_de_la_Secretar%C3%ADa_de_Educaci%C3%B3n.html?id=X3oQAAAAYAAJ,section_resolved_fragment_pending,short_excerpt_only,locator_candidate,"Google Books contents identify the Departamento de Supervisión beginning on page 335; this is the preferred authority/supervision slot pending exact span selection",2026-09-04
PDHD-F000095,PDHD-D000075,C,59,p59-direccion-educacion-urbana-rural-estados,https://books.google.com/books/about/Memoria_de_la_Secretar%C3%ADa_de_Educaci%C3%B3n.html?id=X3oQAAAAYAAJ,section_resolved_fragment_pending,short_excerpt_only,locator_candidate,"Google Books contents identify the Dirección General de Educación Urbana y Rural en los Estados beginning on page 59; reserved for a source-critical passage on administrative framing of rural education",2026-09-04
PDHD-F000096,PDHD-D000075,D,269,p269-oficina-juridica-revalidacion,https://books.google.com/books/about/Memoria_de_la_Secretar%C3%ADa_de_Educaci%C3%B3n.html?id=X3oQAAAAYAAJ,section_resolved_fragment_pending,short_excerpt_only,locator_candidate,"Google Books contents identify the Oficina Jurídica y de Revalidación de Estudios beginning on page 269; candidate control section because it may not contain a direct pedagogical act",2026-09-04
